signal_bucket,entry_time,exit_time,side,entry_price,exit_price,qty,gross_pnl_usd,fees_usd,net_pnl_usd,hold_s
2026-06-17T12:00:00+00:00,2026-06-17T14:00:00+00:00,2026-06-17T20:00:00+00:00,long,65303.64,64253.86,0.01531308,-16.0753,0.8928,-16.9681,21600
2026-06-17T19:00:00+00:00,2026-06-17T21:00:00+00:00,2026-06-18T03:00:00+00:00,long,64419.19,64619.67,0.01552332,3.1121,0.9014,2.2107,21600
2026-06-18T10:00:00+00:00,2026-06-18T12:00:00+00:00,2026-06-18T18:00:00+00:00,long,63983.98,62547.71,0.01562891,-22.4473,0.8899,-23.3372,21600
2026-06-18T16:00:00+00:00,2026-06-18T18:00:00+00:00,2026-06-19T00:00:00+00:00,long,62610.29,62904.53,0.01597182,4.6996,0.9021,3.7975,21600
2026-06-19T00:00:00+00:00,2026-06-19T02:00:00+00:00,2026-06-19T08:00:00+00:00,long,63029.50,62566.70,0.01586559,-7.3426,0.8967,-8.2393,21600
2026-06-19T20:00:00+00:00,2026-06-19T22:00:00+00:00,2026-06-20T04:00:00+00:00,long,63075.52,63412.28,0.01585401,5.3389,0.9024,4.4365,21600
2026-06-20T16:00:00+00:00,2026-06-20T18:00:00+00:00,2026-06-21T00:00:00+00:00,long,63846.91,64243.86,0.01566247,6.2173,0.9028,5.3145,21600
2026-06-22T14:00:00+00:00,2026-06-22T16:00:00+00:00,2026-06-22T22:00:00+00:00,long,64834.40,64265.85,0.01542391,-8.7693,0.8961,-9.6653,21600
2026-06-22T23:00:00+00:00,2026-06-23T01:00:00+00:00,2026-06-23T07:00:00+00:00,long,64170.07,62868.55,0.01558359,-20.2823,0.8909,-21.1732,21600
2026-06-24T18:00:00+00:00,2026-06-24T20:00:00+00:00,2026-06-25T02:00:00+00:00,long,59971.97,60865.55,0.01667446,14.9000,0.9067,13.9933,21600
2026-06-25T20:00:00+00:00,2026-06-25T22:00:00+00:00,2026-06-26T04:00:00+00:00,long,60210.09,59993.99,0.01660851,-3.5891,0.8984,-4.4875,21600
2026-06-26T04:00:00+00:00,2026-06-26T06:00:00+00:00,2026-06-26T12:00:00+00:00,long,59949.96,59358.31,0.01668058,-9.8691,0.8956,-10.7647,21600
2026-06-29T01:00:00+00:00,2026-06-29T03:00:00+00:00,2026-06-29T09:00:00+00:00,long,59751.86,59777.10,0.01673588,0.4223,0.9002,-0.4779,21600
2026-06-29T10:00:00+00:00,2026-06-29T12:00:00+00:00,2026-06-29T18:00:00+00:00,long,59964.97,60355.81,0.01667640,6.5178,0.9029,5.6149,21600
2026-06-29T16:00:00+00:00,2026-06-29T18:00:00+00:00,2026-06-30T00:00:00+00:00,long,60416.19,60197.89,0.01655185,-3.6134,0.8984,-4.5118,21600
2026-06-29T22:00:00+00:00,2026-06-30T00:00:00+00:00,2026-06-30T06:00:00+00:00,long,60258.11,59597.19,0.01659528,-10.9683,0.8951,-11.8633,21600
2026-06-30T13:00:00+00:00,2026-06-30T15:00:00+00:00,2026-06-30T21:00:00+00:00,long,58496.23,58675.65,0.01709512,3.0671,0.9014,2.1657,21600
2026-07-02T02:00:00+00:00,2026-07-02T04:00:00+00:00,2026-07-02T10:00:00+00:00,long,61098.53,61157.41,0.01636700,0.9636,0.9004,0.0631,21600
2026-07-02T09:00:00+00:00,2026-07-02T11:00:00+00:00,2026-07-02T17:00:00+00:00,long,61297.63,61653.16,0.01631384,5.8000,0.9026,4.8974,21600
2026-07-03T18:00:00+00:00,2026-07-03T20:00:00+00:00,2026-07-04T02:00:00+00:00,long,62241.10,62422.77,0.01606655,2.9188,0.9013,2.0175,21600
2026-07-05T17:00:00+00:00,2026-07-05T19:00:00+00:00,2026-07-06T01:00:00+00:00,long,62850.41,63725.12,0.01591080,13.9174,0.9063,13.0111,21600
2026-07-07T16:00:00+00:00,2026-07-07T18:00:00+00:00,2026-07-08T00:00:00+00:00,long,64226.10,63323.32,0.01556999,-14.0562,0.8937,-14.9499,21600
2026-07-08T17:00:00+00:00,2026-07-08T19:00:00+00:00,2026-07-09T01:00:00+00:00,long,62205.09,62086.94,0.01607586,-1.8993,0.8991,-2.7984,21600
2026-07-09T03:00:00+00:00,2026-07-09T05:00:00+00:00,2026-07-09T11:00:00+00:00,long,62482.23,62746.61,0.01600455,4.2314,0.9019,3.3295,21600
2026-07-09T11:00:00+00:00,2026-07-09T13:00:00+00:00,2026-07-09T19:00:00+00:00,long,62636.30,63185.39,0.01596518,8.7663,0.9039,7.8624,21600
2026-07-09T19:00:00+00:00,2026-07-09T21:00:00+00:00,2026-07-10T03:00:00+00:00,long,63340.65,63926.02,0.01578765,9.2416,0.9042,8.3374,21600
2026-07-11T12:00:00+00:00,2026-07-11T14:00:00+00:00,2026-07-11T20:00:00+00:00,long,64263.12,64254.86,0.01556103,-0.1285,0.8999,-1.0285,21600
2026-07-13T06:00:00+00:00,2026-07-13T08:00:00+00:00,2026-07-13T14:00:00+00:00,long,63034.50,62295.84,0.01586433,-11.7184,0.8947,-12.6132,21600
2026-07-14T07:00:00+00:00,2026-07-14T09:00:00+00:00,2026-07-14T15:00:00+00:00,long,62719.34,64261.85,0.01594404,24.5938,0.9111,23.6828,21600
2026-07-15T15:00:00+00:00,2026-07-15T17:00:00+00:00,2026-07-15T23:00:00+00:00,long,65140.55,64811.58,0.01535142,-5.0502,0.8977,-5.9480,21600
2026-07-16T05:00:00+00:00,2026-07-16T07:00:00+00:00,2026-07-16T13:00:00+00:00,long,64791.38,63914.03,0.01543415,-13.5412,0.8939,-14.4351,21600
2026-07-17T12:00:00+00:00,2026-07-17T14:00:00+00:00,2026-07-17T20:00:00+00:00,long,63212.59,64120.92,0.01581963,14.3695,0.9065,13.4630,21600
2026-07-17T22:00:00+00:00,2026-07-18T00:00:00+00:00,2026-07-18T06:00:00+00:00,long,63958.96,63911.03,0.01563503,-0.7495,0.8997,-1.6491,21600
2026-07-18T17:00:00+00:00,2026-07-18T19:00:00+00:00,2026-07-19T01:00:00+00:00,long,64546.26,64733.62,0.01549277,2.9027,0.9013,2.0014,21600
2026-07-19T17:00:00+00:00,2026-07-19T19:00:00+00:00,2026-07-20T01:00:00+00:00,long,64443.21,64506.73,0.01551754,0.9858,0.9004,0.0853,21600
2026-07-20T06:00:00+00:00,2026-07-20T08:00:00+00:00,2026-07-20T14:00:00+00:00,long,64273.12,64293.84,0.01555860,0.3223,0.9001,-0.5778,21600
2026-07-20T19:00:00+00:00,2026-07-20T21:00:00+00:00,2026-07-21T03:00:00+00:00,long,65381.67,65348.31,0.01529481,-0.5103,0.8998,-1.4101,21600
2026-07-21T01:00:00+00:00,2026-07-21T03:00:00+00:00,2026-07-21T09:00:00+00:00,long,65413.69,66161.90,0.01528732,11.4382,0.9051,10.5330,21600
2026-07-22T17:00:00+00:00,2026-07-22T19:00:00+00:00,2026-07-23T01:00:00+00:00,long,65898.93,65993.99,0.01517475,1.4424,0.9006,0.5418,21600
2026-07-24T01:00:00+00:00,2026-07-24T03:00:00+00:00,2026-07-24T09:00:00+00:00,long,65126.55,65252.36,0.01535472,1.9318,0.9009,1.0309,21600
2026-07-25T13:00:00+00:00,2026-07-25T15:00:00+00:00,2026-07-25T21:00:00+00:00,long,64229.10,64276.85,0.01556927,0.7434,0.9003,-0.1569,21600
2026-07-26T08:00:00+00:00,2026-07-26T10:00:00+00:00,2026-07-26T16:00:00+00:00,long,64540.25,64704.63,0.01549421,2.5469,0.9011,1.6458,21600
2026-07-27T01:00:00+00:00,2026-07-27T03:00:00+00:00,2026-07-27T09:00:00+00:00,long,65180.57,65105.43,0.01534199,-1.1528,0.8995,-2.0523,21600
2026-07-27T14:00:00+00:00,2026-07-27T16:00:00+00:00,2026-07-27T22:00:00+00:00,long,64547.26,64754.61,0.01549252,3.2124,0.9014,2.3109,21600
2026-07-27T23:00:00+00:00,2026-07-28T01:00:00+00:00,2026-07-28T07:00:00+00:00,long,63484.73,63590.19,0.01575182,1.6612,0.9007,0.7605,21600
2026-07-29T18:00:00+00:00,2026-07-29T20:00:00+00:00,2026-07-30T02:00:00+00:00,long,63593.78,64210.88,0.01572481,9.7037,0.9044,8.7994,21600
2026-07-31T00:00:00+00:00,2026-07-31T02:00:00+00:00,2026-07-31T08:00:00+00:00,long,64563.27,63887.04,0.01548868,-10.4738,0.8953,-11.3691,21600
2026-07-31T12:00:00+00:00,2026-07-31T14:00:00+00:00,2026-07-31T20:00:00+00:00,long,63289.63,62906.53,0.01580038,-6.0531,0.8973,-6.9504,21600
2026-08-01T08:00:00+00:00,2026-08-01T10:00:00+00:00,2026-08-01T16:00:00+00:00,long,63055.51,62950.51,0.01585904,-1.6652,0.8993,-2.5645,21600
2026-08-01T14:00:00+00:00,2026-08-01T16:00:00+00:00,2026-08-01T22:00:00+00:00,long,63013.49,62759.60,0.01586962,-4.0291,0.8982,-4.9273,21600
2026-08-03T01:00:00+00:00,2026-08-03T03:00:00+00:00,2026-08-03T09:00:00+00:00,long,63160.56,62486.74,0.01583266,-10.6684,0.8952,-11.5636,21600
2026-08-03T18:00:00+00:00,2026-08-03T20:00:00+00:00,2026-08-04T02:00:00+00:00,long,63863.92,63791.09,0.01565829,-1.1404,0.8995,-2.0398,21600
2026-08-04T16:00:00+00:00,2026-08-04T18:00:00+00:00,2026-08-05T00:00:00+00:00,long,63975.97,64035.97,0.01563087,0.9378,0.9004,0.0373,21600
2026-08-04T23:00:00+00:00,2026-08-05T01:00:00+00:00,2026-08-05T07:00:00+00:00,long,63993.98,64189.89,0.01562647,3.0614,0.9014,2.1600,21600
2026-08-05T19:00:00+00:00,2026-08-05T21:00:00+00:00,2026-08-06T03:00:00+00:00,long,64827.40,64519.72,0.01542558,-4.7460,0.8979,-5.6439,21600
2026-08-07T07:00:00+00:00,2026-08-07T09:00:00+00:00,2026-08-07T15:00:00+00:00,long,64603.29,64896.54,0.01547909,4.5392,0.9020,3.6372,21600
2026-08-08T11:00:00+00:00,2026-08-08T13:00:00+00:00,2026-08-08T19:00:00+00:00,long,65003.49,64980.49,0.01538379,-0.3537,0.8998,-1.2535,21600
2026-08-09T02:00:00+00:00,2026-08-09T04:00:00+00:00,2026-08-09T10:00:00+00:00,long,64792.38,64821.57,0.01543391,0.4506,0.9002,-0.4496,21600
2026-08-09T23:00:00+00:00,2026-08-10T01:00:00+00:00,2026-08-10T07:00:00+00:00,long,64965.47,65231.37,0.01539279,4.0930,0.9018,3.1911,21600
2026-08-10T15:00:00+00:00,2026-08-10T17:00:00+00:00,2026-08-10T23:00:00+00:00,long,63917.94,63967.00,0.01564506,0.7675,0.9003,-0.1328,21600
2026-08-11T12:00:00+00:00,2026-08-11T14:00:00+00:00,2026-08-11T20:00:00+00:00,long,64200.08,63476.25,0.01557630,-11.2747,0.8949,-12.1696,21600
2026-08-13T20:00:00+00:00,2026-08-13T22:00:00+00:00,2026-08-14T04:00:00+00:00,long,63505.74,63287.34,0.01574661,-3.4390,0.8985,-4.3375,21600
2026-08-14T12:00:00+00:00,2026-08-14T14:00:00+00:00,2026-08-14T20:00:00+00:00,long,62672.32,62919.52,0.01595601,3.9444,0.9018,3.0426,21600
